book,spread,dates,location,country,confidence,activity
BB_1914_Jan-Jun,1,,,,low,"Endpaper: London (Hyde Park Gardens) and New York (Murray Hill, 104 E. 40th, Fifth Ave/Plaza) addresses. Not a dated location."
BB_1914_Jan-Jun,2,January 3 – January 6 1914,Montreal,Canada,medium,Jan 5 train (Lexington 1.51); Jan 6 visit to the Ross/Redpath Museum; en route to Montreal.
BB_1914_Jan-Jun,3,January 7 – January 10 1914,Montreal,Canada,high,Jan 9-10 in Montreal.
BB_1914_Jan-Jun,4,January 11 – January 14 1914,New York,United States,high,Jan 11 Montreal; Jan 12 to New York; lunches and dinners with friends.
BB_1914_Jan-Jun,5,January 15 – January 18 1914,New York,United States,high,"Social rounds: Colony Club, lunches and dinners (Hewitt, Seligmann, Robinson)."
BB_1914_Jan-Jun,6,January 19 – January 22 1914,New York,United States,high,Appointments incl. Rockefeller Institute; teas and dinners.
BB_1914_Jan-Jun,7,January 27 – January 30 1914,New York,United States,high,"Lunches and dinners (Chapman, Winthrop, Kahn, Lanier, Frelinghuysen, Flexner)."
BB_1914_Jan-Jun,8,January 31 – February 3 1914,New York,United States,high,"Social rounds: Alexander, DeKoven, Mrs. Kahn, Mrs. Douglas Robinson, Morgan."
BB_1914_Jan-Jun,9,February 4 – February 7 1914,New York,United States,high,"Social calls; Feb 7 day trip to New Haven (arr 10.02, leave 4.09)."
BB_1914_Jan-Jun,10,February 8 – February 11 1914,New York,United States,high,"Calls: Mrs. C. Jones, Mrs. Markoe (37 Park Ave), Miss Bryce; dinners."
BB_1914_Jan-Jun,11,February 12 – February 15 1914,Mount Kisco,United States,high,Feb 14-15 weekend at Mount Kisco with Eugene Meyer; earlier days in New York.
BB_1914_Jan-Jun,12,February 16 – February 19 1914,New York,United States,high,"Social calls: Chapman, Mrs. Lanier, Mrs. Sloane, O. Kahn, Havemeyer."
BB_1914_Jan-Jun,13,February 20 – February 23 1914,Detroit,United States,high,Feb 20 train to Detroit; Feb 21-23 with collector Charles Freer.
BB_1914_Jan-Jun,14,February 24 – February 27 1914,Northampton,United States,medium,Feb 24-25 calls (return east); Feb 26-27 at Northampton (Smith College area).
BB_1914_Jan-Jun,15,February 28 – March 3 1914,Baltimore,United States,high,"Northampton, then Mar 1 to Baltimore; appointments (Jacobs, Cary, Thomas)."
BB_1914_Jan-Jun,16,March 4 – March 7 1914,Baltimore,United States,high,In Baltimore Mar 4-7; Mrs. Dawson.
BB_1914_Jan-Jun,17,March 8 – March 11 1914,Washington,United States,high,"Mar 8 to Washington (1731 I St.); visits Henry Adams, Mrs. Chanler, H. White."
BB_1914_Jan-Jun,18,March 12 – March 15 1914,Washington,United States,high,"Washington (Jusserand, Lodge, Congress, Nat. Museum, H. Adams); Mar 15 to Philadelphia/Bryn Mawr."
BB_1914_Jan-Jun,19,March 16 – March 19 1914,Bryn Mawr,United States,high,At Bryn Mawr Mar 16-19; Widener collection.
BB_1914_Jan-Jun,20,March 20 – March 23 1914,Bryn Mawr,United States,high,"Bryn Mawr / Philadelphia area; Longue Vue, Lanier, Chapman."
BB_1914_Jan-Jun,21,March 24 – March 27 1914,New York,United States,high,"Back in New York; calls (Kahn, Vanderbilt, Mrs. Hewitt, Bryce) before sailing."
BB_1914_Jan-Jun,22,March 28 – March 31 1914,At sea (RMS Olympic),Atlantic Ocean,high,Mar 28 sailed on the Olympic from New York 10am; transatlantic crossing.
BB_1914_Jan-Jun,23,April 1 – April 4 1914,At sea / Paris,France,high,"Crossing on the Olympic; landed evening Apr 3; Apr 4 reached Paris 5:30am (Schlumberger, Seligmann)."
BB_1914_Jan-Jun,24,April 5 – April 8 1914,Paris,France,high,"Paris; excursion to Ecouen with Cosse & Schlumberger; Dubos, Golubew, Reinach, Hewitt."
BB_1914_Jan-Jun,25,April 9 – April 12 1914,Paris,France,medium,Paris; Maisons-Laffitte; Mrs. Lodge (55 Ave. Marceau); Apr 12 to Villa Sylvia (Riviera).
BB_1914_Jan-Jun,26,April 13 – April 16 1914,Saint-Jean-Cap-Ferrat,France,medium,"At Villa Sylvia (Curtis villa, Cap Ferrat); excursions to Grasse and Monaco; Apr 16 arrived (return toward Florence)."
BB_1914_Jan-Jun,27,April 17 – April 20 1914,Florence,Italy,high,"Back at I Tatti/Florence; lunch Placci, lunch Hapgood, Brockwell, Sambon."
BB_1914_Jan-Jun,28,April 21 – April 24 1914,Florence,Italy,high,"At I Tatti; visitors Sybil, Mr. Grey, Miss Roberts, Mrs. Hooker, Strong."
BB_1914_Jan-Jun,29,April 25 – April 28 1914,Florence,Italy,medium,"At I Tatti; Mme. Harrach, Mrs. Leigh Smith, Prof. T. W. Arnold."
BB_1914_Jan-Jun,30,April 29 – May 2 1914,Florence,Italy,medium,At I Tatti (blank days).
BB_1914_Jan-Jun,31,May 3 – May 6 1914,Florence,Italy,medium,At I Tatti (blank days).
BB_1914_Jan-Jun,32,May 7 – May 10 1914,Florence,Italy,medium,At I Tatti (blank days).
BB_1914_Jan-Jun,33,May 11 – May 14 1914,Florence,Italy,high,At I Tatti; lunch with Mrs. Ross (Serristori); tea with Strong & Lubbock.
BB_1914_Jan-Jun,34,May 15 – May 18 1914,Florence,Italy,high,"At I Tatti; Bruce Richmond, Sybil."
BB_1914_Jan-Jun,35,May 19 – May 22 1914,Florence,Italy,high,At I Tatti; Mme. de Cosse & Schlumberger arrive; dined at Fiesole/Serristori.
BB_1914_Jan-Jun,36,May 23 – May 26 1914,Florence,Italy,high,At I Tatti; Harrachs; guests leaving; dinners.
BB_1914_Jan-Jun,37,May 27 – May 30 1914,Florence,Italy,high,"At I Tatti; Croswell, Gravina to dine."
BB_1914_Jan-Jun,38,May 31 – June 3 1914,Florence,Italy,high,At I Tatti; Lucan and wife to tea; drives with Trbie.
BB_1914_Jan-Jun,39,June 4 – June 7 1914,Florence,Italy,high,"At I Tatti; Mrs. Ross lunch, tea with Lucas, dinners."
BB_1914_Jan-Jun,40,June 8 – June 11 1914,Florence,Italy,high,"At I Tatti; Mr. Strong, Mrs. Ross, Lindsay, Saunders."
BB_1914_Jan-Jun,41,June 12 – June 15 1914,Florence,Italy,high,"At I Tatti; Mrs. Strong, Countess Serristori, Lubbock, McClellan to dine."
BB_1914_Jan-Jun,42,June 16 – June 19 1914,Florence,Italy,high,"At I Tatti; Mrs. Strong, Venturi to lunch, Harrach, dinners."
BB_1914_Jan-Jun,43,June 20 – June 23 1914,Modena,Italy,high,"Jun 21 depart I Tatti via Boscolungo, sleep Modena; Jun 22-23 tour Torrechiara, Borgo San Donnino, Castell'Arquato, Cortemaggiore, Cremona (Hotel Roma), Piacenza."
BB_1914_Jan-Jun,44,June 24 – June 27 1914,Paris,France,medium,"Returned north to Paris by late June; Mme. de Cosse, Bing, Mrs. Vanderbilt, Edie."
BB_1914_Jan-Jun,45,June 28 – July 1 1914,Paris,France,high,"In Paris; Bassiano lunch, Reinach, Cercle de l'Union; appointments incl. Bliss."
BB_1914_Jul-Dec,1,July 2 – July 5 1914,Paris,France,high,"Paris; Mme. de Brigode (5 Rue Montalembert), Henry Adams, Royall Tyler (21 Quai de Bourbon), Mme. de Ludre."
BB_1914_Jul-Dec,2,July 6 – July 9 1914,Paris,France,high,"Paris; 74 Ave. Malakoff, Durrieu, Mrs. Cameron, Mme. de Cosse."
BB_1914_Jul-Dec,3,July 10 – July 13 1914,Paris,France,low,Paris (blank days); crossing to London at spread end.
BB_1914_Jul-Dec,4,July 14 – July 17 1914,London,United Kingdom,high,"London; 32 Dover St., Mary Crawshay, Mrs. Otto Kahn, Sybil, opera."
BB_1914_Jul-Dec,5,July 18 – July 21 1914,London,United Kingdom,high,"London; Rutland Garden, Grosvenor Sq, Lady Ripon, St. Pancras, South Street."
BB_1914_Jul-Dec,6,July 22 – July 25 1914,London,United Kingdom,high,"London; Asquiths, 37 Dover Street, Mrs. Astor; Jul 25 out to Epping."
BB_1914_Jul-Dec,7,July 26 – July 29 1914,London,United Kingdom,high,"London (Mrs. Hunter lunch, G. Moore, Ronald Storrs, Nancy Cunard); day trips to Esher and Oxford/Headington."
BB_1914_Jul-Dec,8,July 30 – August 2 1914,Ford,United Kingdom,high,"Settles at Ford Place (Sussex); 118 Belgrave Road earlier; Walter Raleigh, Duncan Grant."
BB_1914_Jul-Dec,9,August 7 – August 10 1914,Ford,United Kingdom,high,"At Ford Place Aug 7-10; tea with Zangwill, Geoffrey."
BB_1914_Jul-Dec,10,August 11 – August 14 1914,Ford,United Kingdom,high,At Ford Place; Zangwills to tea; tea at Amberley.
BB_1914_Jul-Dec,11,August 19 – August 22 1914,Ford,United Kingdom,high,At Ford Place; Aug 20 visit to Buckhurst (the Bensons); outing to Chichester and Bosham.
BB_1914_Jul-Dec,12,August 23 – August 26 1914,Ford,United Kingdom,high,"At Ford Place; boating; Scott, Mrs. Scott."
BB_1914_Jul-Dec,13,August 27 – August 30 1914,Ford,United Kingdom,high,"At Ford Place; Chichester; picture notes (Puligo, Albertinelli); G. Moore, Zangwill."
BB_1914_Jul-Dec,14,August 31 – September 3 1914,Ford,United Kingdom,high,"At Ford Place; Scott, Karin; reading; outing to Arundel Park."
BB_1914_Jul-Dec,15,September 4 – September 7 1914,Ford,United Kingdom,high,"At Ford Place; Sidney Webb, Robert Bridges, Arundel Park; Sep 7 day to London (Keynes dinner)."
BB_1914_Jul-Dec,16,September 8 – September 11 1914,London,United Kingdom,high,"London (Duveen, Lady Wenlock, Huntington, Crawshay); Sep 10-11 motor back to Ford."
BB_1914_Jul-Dec,17,September 12 – September 15 1914,London,United Kingdom,high,Ford early week then 25 Grosvenor Place with Edith; Henry James to lunch; Sep 15 return to Ford.
BB_1914_Jul-Dec,18,September 16 – September 19 1914,Ford,United Kingdom,high,"At Ford Place; Geoffrey Scott; reading (Yule's Marco Polo, etc.)."
BB_1914_Jul-Dec,19,September 20 – September 23 1914,Ford,United Kingdom,high,At Ford Place; Adrian Stephen engaged to Karin; reading Bulow.
BB_1914_Jul-Dec,20,September 20 – September 23 1914,Ford,United Kingdom,high,At Ford Place (Sep 20-23; duplicate/overlap of spread 19 entries).
BB_1914_Jul-Dec,21,September 24 – September 27 1914,Ford,United Kingdom,high,"At Ford Place; Geoffrey Scott; reading; Adrian, Karin, Des. McCarthy."
BB_1914_Jul-Dec,22,September 28 – October 1 1914,Ford,United Kingdom,high,"At Ford Place; reading; Gibson & Scott; Sibyl arrives; Goodwood, Shoreham outings."
BB_1914_Jul-Dec,23,October 2 – October 5 1914,Ford,United Kingdom,high,"At Ford Place; Sybil, Chichester; Adrian nearly drowned sailing; tea with Mrs. Bowen."
BB_1914_Jul-Dec,24,October 6 – October 9 1914,Stapleton House,United Kingdom,medium,"Oct 6 trip with Logan to Stapleton House, Wimborne/Blandford (Dorset); Oct 8 Stonehenge, Salisbury, Romsey, back to Ford."
BB_1914_Jul-Dec,25,October 10 – October 13 1914,Ford,United Kingdom,high,At Ford Place; Arundel Park walks; Goodwood House; Chichester studies.
BB_1914_Jul-Dec,26,October 14 – October 17 1914,Ford,United Kingdom,high,"At Ford Place; rides with Sibyl to Amberley, Bosham, Goodwood."
BB_1914_Jul-Dec,27,October 18 – October 21 1914,London,United Kingdom,high,"Ford then up to London (11 Upper Terrace, Hampstead); lunch Eugenie Strong, Crawshay, Burlington Fine Arts."
BB_1914_Jul-Dec,28,October 22 – October 25 1914,London,United Kingdom,high,"London; lunches/dinners (C. Phillips, Mrs. Astor, Walter Berry, Lady Lewis); Oct 25 to Ford."
BB_1914_Jul-Dec,29,October 26 – October 29 1914,Ford,United Kingdom,high,At Ford Place; Oct 26 outing with Zangwill to Kropotkin's at Brighton; tea with Warren at Lewes.
BB_1914_Jul-Dec,30,October 30 – November 2 1914,Ford,United Kingdom,high,At Ford Place; Zangwill to lunch; Arundel Park walk; Nov 2 day to London (tea Eva).
BB_1914_Jul-Dec,31,November 3 – November 6 1914,London,United Kingdom,high,"London; Lady Lewis, Lady Cunard (Mayfair), Lady Beresford, Cook (17 Hyde Park Gate); Covent Garden box."
BB_1914_Jul-Dec,32,November 7 – November 10 1914,London,United Kingdom,high,"London/Richmond, lunch Hampton Court; Nov 9 motor to Folkestone; Nov 10 cross to Dieppe (Grand Hotel)."
BB_1914_Jul-Dec,33,November 11 – November 14 1914,Paris,France,high,"Dieppe (Grand Hotel) -> Rouen (Hotel de la Poste) -> Paris 7pm Nov 11 (53 Rue de Varenne); Ralph Curtis, Mrs. Lucy."
BB_1914_Jul-Dec,34,November 15 – November 18 1914,Paris,France,high,"Paris; Seligmann, Mme. de Ludre, Mrs. Bliss, Comtesse Murat, Abel Bonnard."
BB_1914_Jul-Dec,35,November 19 – November 22 1914,Paris,France,high,"Paris; Seligmann, Edith W., Reinach, Bliss, Duchesse Clermont-Tonnerre, Mme. de Cosse."
BB_1914_Jul-Dec,36,November 23 – November 26 1914,Macon,France,high,"Nov 23 leave Paris 10am, motor tour: Sens, Fontainebleau, Auxerre, Vezelay, Avallon, Autun, Cluny, Macon, Lyon, Valence, Avignon."
BB_1914_Jul-Dec,37,November 27 – November 30 1914,Nice,France,high,"Aix lunch, St. Raphael, to Nice (Hotel Cecil); Nov 29 lunch Villa Sylvia, cross into Italy (San Remo, Alassio, Genoa)."
BB_1914_Jul-Dec,38,December 1 – December 4 1914,Genoa,Italy,high,"Genoa (Laura Gropallo, Guido Cagnola); Viareggio (Hotel Royal); Dec 3 Pisa Campo Santo & Cathedral, arrive I Tatti 4:30pm."
BB_1914_Jul-Dec,39,December 5 – December 8 1914,Florence,Italy,high,"At I Tatti; American Consul; Geoffrey & Cecil; tea with Strong, Mrs. Ross."
BB_1914_Jul-Dec,40,December 9 – December 12 1914,Florence,Italy,high,At I Tatti; Guido Cagnola visiting; Placci to lunch; teas with Cecil & Geoffrey; Gutekunst.
BB_1914_Jul-Dec,41,December 13 – December 16 1914,Florence,Italy,high,"At I Tatti; Salvemini, Placci; Russian concert; tea with Placci; Mrs. Ross."
BB_1914_Jul-Dec,42,December 17 – December 20 1914,Florence,Italy,high,"At I Tatti; Giuliani, tea with Strong, Countess Gravina, Nani, Cecil."
BB_1914_Jul-Dec,43,December 21 – December 24 1914,Florence,Italy,high,"At I Tatti; Loeser, Lionello Venturi, tea with Gravina, Houghton dined, Henderson."
BB_1914_Jul-Dec,44,December 25 – December 28 1914,Florence,Italy,high,At I Tatti; reading Henderson; Sickert; Mme. Luchaire to tea; Gravinas to dine; Vivarini study.
BB_1914_Jul-Dec,45,December 29 – January 1 1914,Florence,Italy,high,"At I Tatti; studying Vivarini and Crivelli; reading Dickinson and Steed's Hapsburg Monarchy (into Jan 1, 1915)."
BB_1919_Jan-Jun,1,January 1 – January 2 1919,Paris,France,high,"New Year appointments; society and diplomatic circle (Stead, Mrs Matthews, Capt. Frost)."
BB_1919_Jan-Jun,2,January 3 – January 6 1919,Paris,France,high,"Appointments incl. Dr Rendal, Venizelos, Lippmann; Sunday excursion to Versailles."
BB_1919_Jan-Jun,3,January 7 – January 10 1919,Paris,France,high,"Lunches and teas; Jockey Club, Grew, Rohan-Chabot, Cocteau."
BB_1919_Jan-Jun,4,January 11 – January 14 1919,Paris,France,high,"Bonnard, Cuevas de Vera, Mrs J. Harriman; Sunday Versailles."
BB_1919_Jan-Jun,5,January 15 – January 18 1919,Paris,France,high,"Appointments; Boulogne(-Billancourt) outing, Egan, Rochefoucauld."
BB_1919_Jan-Jun,6,January 19 – January 22 1919,Paris,France,high,Lindsay-Pershing lunch; Passy/Rue Spontini addresses; Martynov.
BB_1919_Jan-Jun,7,January 23 – January 26 1919,Paris,France,high,"Rue de Lubeck, Goluchowski, La Rochefoucauld, Quai de Bourbon."
BB_1919_Jan-Jun,8,January 27 – January 30 1919,Paris,France,high,"Lucy, Cole Porter, Polignac; Venizelos, Vandervelde, Rochefoucauld."
BB_1919_Jan-Jun,9,January 31 – February 3 1919,Paris,France,high,"Boulevard Lannes, Lady Hood, Bonnard; quiet weekend."
BB_1919_Jan-Jun,10,February 4 – February 7 1919,Paris,France,high,Appointments; Kingsley Park dinner.
BB_1919_Jan-Jun,11,February 8 – February 11 1919,Paris,France,high,"Boulevard des Invalides, Lady Hood, opera."
BB_1919_Jan-Jun,12,February 12 – February 15 1919,Paris,France,high,"Seligmann at Cafe de Paris, Visconti, Ave. Malakoff, Rosa."
BB_1919_Jan-Jun,13,February 16 – February 19 1919,Paris,France,medium,Quiet days; Orpen.
BB_1919_Jan-Jun,14,February 20 – February 23 1919,Paris,France,medium,Rosa; mostly blank days.
BB_1919_Jan-Jun,15,February 24 – February 27 1919,Paris,France,high,"Albert Thomas, Mrs Harriman, Isvolsky; Cochran on Rue d'Anjou."
BB_1919_Jan-Jun,16,February 28 – March 3 1919,Paris,France,high,"Rue Marignan, Linda, de Rochefoucauld; Club lunch."
BB_1919_Jan-Jun,17,March 4 – March 7 1919,Beaulieu-sur-Mer / Saint-Jean-Cap-Ferrat,France,high,"Mar 5: left Paris 8.20 for Beaulieu, Hotel Cap Ferrat (French Riviera)."
BB_1919_Jan-Jun,18,March 8 – March 11 1919,Saint-Jean-Cap-Ferrat,France,medium,Riviera stay; Monte Carlo excursion; Hotel des Pins.
BB_1919_Jan-Jun,19,March 12 – March 15 1919,Saint-Jean-Cap-Ferrat,France,medium,Rest/'Bad' (taking it easy); tea at Maryland with Duke of Connaught.
BB_1919_Jan-Jun,20,March 16 – March 19 1919,Saint-Jean-Cap-Ferrat,France,medium,"Reading (Hudson, Dillon's Eclipse of Russia); quiet days on Riviera."
BB_1919_Jan-Jun,21,March 20 – March 23 1919,Saint-Jean-Cap-Ferrat,France,medium,"Lunches with Mrs Grenville, Prince Ouroussoff, Prof. Bernard."
BB_1919_Jan-Jun,22,March 24 – March 27 1919,Hyeres,France,medium,"Mar 24-25 still Riviera (Prince Doria); Mary leaves for Florence; Mar 26 leave for Hyeres, Hotel du Parc, with Edith Wharton."
BB_1919_Jan-Jun,23,March 28 – March 31 1919,Hyeres,France,medium,With Edith Wharton near Hyeres/Toulon; Norton joins; abbey/landscape excursions.
BB_1919_Jan-Jun,24,April 1 – April 4 1919,Hyeres,France,medium,Excursions above Toulon; Les Salettes 'classical landscape'; Sohier villa.
BB_1919_Jan-Jun,25,April 5 – April 8 1919,Hyeres,France,medium,"Bourget(?) dinner, Ojetti; Edie and Norton leave; tea with Bourget."
BB_1919_Jan-Jun,26,April 9 – April 12 1919,Hyeres,France,medium,"Reading (Gambetta, Pierre Mille, Cocteau); preparing return to Paris."
BB_1919_Jan-Jun,27,April 13 – April 16 1919,Paris,France,high,"Apr 13 left Hyeres for Paris via Toulon; Apr 14 PARIS - Vandervelde, Mackay; Italian Exhibition, Rosa."
BB_1919_Jan-Jun,28,April 17 – April 20 1919,Paris,France,high,"Vandervelde, Maclagan, Milosz; Sunday Versailles; Morton Prince."
BB_1919_Jan-Jun,29,April 21 – April 24 1919,Paris,France,high,"Salomon & Adolphe Reinach, Gauvain; Mme Vandervelde; Petit Palais; Bakhmeteff, Lazzaroni."
BB_1919_Jan-Jun,30,April 25 – April 28 1919,Paris,France,high,"Savinkov, Benes, Mme Venizelos, Mackays; Versailles; Frankfurter mentioned."
BB_1919_Jan-Jun,31,April 29 – May 2 1919,Paris,France,high,"Tyler, Isvolsky, Rohan-Chabot, Lady Hood, Frankfurter, Tyrrell, Morgenthau, Mallet; May 2 LEAVE at 7.15."
BB_1919_Jan-Jun,32,May 3 – May 6 1919,Barcelona,Spain,high,"May 3 arrive Barcelona 8pm, Hotel Bristol; Museu, Cathedral, Archives; collections (Grases Hernandez)."
BB_1919_Jan-Jun,33,May 7 – May 10 1919,Barcelona,Spain,high,"Collections, Murillo; day trip to Vic; Cathedral, Terrassa, Pedralbes, Museo del Parque."
BB_1919_Jan-Jun,34,May 11 – May 14 1919,Barcelona,Spain,high,Day excursions Manresa & Terrassa; Sitges; then to Tarragona on May 13.
BB_1919_Jan-Jun,35,May 15 – May 18 1919,Valencia,Spain,high,"May 15 Tarragona (Hotel Paris); May 16 leave for Valencia, all-day touring, Palace Hotel; May 18 to Alicante."
BB_1919_Jan-Jun,36,May 19 – May 22 1919,Murcia,Spain,high,"May 19 Alicante (Hotel Victoria) via Elche to Murcia; May 21 via Lorca, Baza, Guadix to Granada; May 22 Alhambra."
BB_1919_Jan-Jun,37,May 23 – May 26 1919,Granada,Spain,high,"Granada - Cathedral, Alhambra, Capilla Real, Cartuja; lunch Mersmann, Marques."
BB_1919_Jan-Jun,38,May 27 – May 30 1919,Granada,Spain,high,Alhambra & Generalife; May 29 leave Granada for Seville.
BB_1919_Jan-Jun,39,May 31 – June 3 1919,Seville,Spain,high,"May 31-Jun 1 Seville; Jun 2 Cordoba - St Jeronimo, Medina Azahara."
BB_1919_Jan-Jun,40,June 4 – June 7 1919,Madrid,Spain,high,"Jun 4 Madrid, Ritz; Pio (Lagasca 77), Gomez-Moreno, Villa Romana; Prado, Allende-Salazar, Duke of Alba."
BB_1919_Jan-Jun,41,June 8 – June 11 1919,Madrid,Spain,high,"Gomez-Moreno, dinner with Alba & Metternich; Jun 9 day trip to Avila with Russell; Prado, Lazaro."
BB_1919_Jan-Jun,42,June 12 – June 15 1919,Madrid,Spain,high,Montellano; Jun 13 day trip to El Escorial; Jun 15 day trip to Toledo.
BB_1919_Jan-Jun,43,June 16 – June 19 1919,Toledo,Spain,high,"Jun 16 Toledo; Jun 17 back in Madrid - Lazaro, Palmer; Villaurrutia, d'Alba."
BB_1919_Jan-Jun,44,June 20 – June 23 1919,Madrid,Spain,high,"Madrid - Duque del Infantado, Lotfallah Bey, Mary Vadillo, Nuncio."
BB_1919_Jan-Jun,45,June 24 – June 27 1919,Salamanca,Spain,high,"Jun 24-25 Madrid; Jun 25 leave by auto for Avila & Salamanca; Jun 26 Salamanca; Jun 27 Zamora, Astorga."
BB_1919_Jan-Jun,46,June 28 – July 1 1919,Santiago de Compostela,Spain,high,"Jun 28 Astorga, Lugo; Jun 29 Lugo, Santiago (Hotel Suizo); Jul 1 Coruna, Ribadeo."
BB_1919_Jul-Dec,1,July 2 – July 5 1919,Oviedo,Spain,high,Jul 2 Ribadeo to Oviedo (Hotel Covadonga); Jul 4 via Pajares pass to Leon.
BB_1919_Jul-Dec,2,July 6 – July 9 1919,Burgos,Spain,high,"Jul 6 Leon, San Miguel de Escalada, Sahagun, Palencia; Jul 7 Palencia, Fromista; Jul 8 Burgos (Hotel Norte)."
BB_1919_Jul-Dec,3,July 10 – July 13 1919,Pamplona,Spain,high,"Jul 10 Santo Domingo de la Calzada, San Millan, Najera; Jul 11 Logrono, Viana, Estella, Pamplona."
BB_1919_Jul-Dec,4,July 14 – July 17 1919,San Sebastian,Spain,high,"Jul 12 Pamplona, Sanguesa, Javier; Jul 13-16 San Sebastian (Fuenterrabia, Queen Cristina); Jul 16 leave for Paris."
BB_1919_Jul-Dec,5,July 18 – July 21 1919,Paris,France,high,"Jul 17 PARIS; Lazzaroni, Curtis, dentist, renewed passport; Mary leaves Jul 20."
BB_1919_Jul-Dec,6,July 22 – July 25 1919,Senlis,France,high,"Jul 22 to Senlis with Kingsley Porter; Gothic tour - Clermont, Beauvais, Raray, Chaalis, St-Leu, Beaumont."
BB_1919_Jul-Dec,7,July 26 – July 29 1919,Paris,France,medium,"Jul 26 Wharton; Jul 27 excursion Rampillon, St-Loup-de-Naud, Provins; back in Paris with appointments (Bonnard, Gillet, Lazzaroni, Mrs Wharton)."
BB_1919_Jul-Dec,8,July 30 – August 2 1919,Versailles,France,high,Jul 30-Aug 2 staying at Versailles; dinners with Hyde.
BB_1919_Jul-Dec,9,August 3 – August 6 1919,Versailles,France,medium,"Aug 3-6 Versailles; Mrs Harrison, Albert Thomas, Rosa."
BB_1919_Jul-Dec,10,August 7 – August 10 1919,Saint-Brice-sous-Foret,France,high,"Aug 7-10 St-Brice (Edith Wharton's house Pavillon Colombe); Albert Thomas, Bouchard."
BB_1919_Jul-Dec,11,August 11 – August 14 1919,Paris,France,medium,"Aug 11-13 Paris appointments (Earl Hamilton, Dubos, Venizelos, Raffalovich); Aug 14 leave with Kingsley Porter for Sens."
BB_1919_Jul-Dec,12,August 15 – August 18 1919,Dijon,France,high,"Burgundy tour: Aug 14 Sens, Villeneuve-sur-Yonne, Pontigny; Aug 15 Fontenay, Dijon; Aug 16 Dole."
BB_1919_Jul-Dec,13,August 19 – August 22 1919,Autun,France,high,"Jura/Burgundy Romanesque tour: Dole, Chissey, Arbois, Poligny, Bourg-en-Bresse, St-Paul-de-Varax, Tournus, Cluny, Charlieu, Paray-le-Monial, Autun, Saulieu."
BB_1919_Jul-Dec,14,August 23 – August 26 1919,Paris,France,high,"Aug 23 Avallon, Vezelay, Vermenton; Aug 24 Auxerre, then PARIS 6pm; resume appointments (Mrs Harriman, Royall Tyler)."
BB_1919_Jul-Dec,15,August 27 – August 30 1919,Paris,France,medium,"Aug 27-29 Paris (Mrs Harriman, Venizelos, Carey Thomas); Aug 30 at Edith Wharton's."
BB_1919_Jul-Dec,16,August 31 – September 3 1919,Paris,France,medium,"Aug 31-Sep 1 with Wharton/Lubbock; Paris lunches (Placci, Raffalovich, Iswolsky, Mrs Straight)."
BB_1919_Jul-Dec,17,September 4 – September 7 1919,Paris,France,high,"Paris appointments: G. Lowes Dickinson, Mrs Harriman, Balfour, Carl Hamilton, Willy Buckler, Prince Paul."
BB_1919_Jul-Dec,18,September 8 – September 11 1919,Chartres,France,medium,"Sep 8-9 Paris (Lazzaroni, Ronald Storrs, Abel Bonnard); Sep 10-11 Chartres."
BB_1919_Jul-Dec,19,September 12 – September 15 1919,Paris,France,high,"Paris: Arnold Seligman, Cercle Interallie, Mrs Harriman; Mary arrives; Storrs, Gauvain."
BB_1919_Jul-Dec,20,September 16 – September 19 1919,Amiens,France,high,Sep 16 Mary leaves for Florence; Sep 17 lunch in Paris then to AMIENS; Sep 18-19 Amiens.
BB_1919_Jul-Dec,21,September 20 – September 23 1919,Paris,France,medium,"Sep 20-21 at Edith Wharton's (Rob Norton, Bourget); Sep 22-23 back in Paris (Curtis, Kalebdjian, Algar)."
BB_1919_Jul-Dec,22,September 24 – September 27 1919,Bourges,France,medium,"Sep 24-26 Paris appointments (Algar, Buckler, Tyler, Churchill); Sep 27 to BOURGES."
BB_1919_Jul-Dec,23,September 28 – October 1 1919,Paris,France,medium,"Sep 27-28 Bourges (cathedral); Sep 29 back in Paris (Lazzaroni, Joe Duveen, Mrs Keep)."
BB_1919_Jul-Dec,24,October 2 – October 5 1919,Paris,France,high,"Paris: Rohan-Chabot, Curtis, Colefax, Carl Hamilton, Tyler, Robert Woods Bliss, Elsie de Wolfe, Joe Duveen."
BB_1919_Jul-Dec,25,October 6 – October 9 1919,Settignano (Florence),Italy,high,"Oct 6-7 Paris (Duveen, Carl Hamilton) then LEAVE Paris for Italy; Oct 8 Mary meets him at Pisa, on to Settignano (Villa I Tatti)."
BB_1919_Jul-Dec,26,October 10 – October 13 1919,Settignano (Florence),Italy,high,"At I Tatti; Mrs Ross, Loeser; reading; excursion to Monte Senario."
BB_1919_Jul-Dec,27,October 14 – October 17 1919,Settignano (Florence),Italy,medium,"At I Tatti; Salvemini, Mrs Ross, Sackville-West; Oct 17 set off to Borgo San Sepolcro, Perugia."
BB_1919_Jul-Dec,28,October 18 – October 21 1919,Perugia,Italy,high,"Umbria tour: Oct 18 Assisi; Oct 19 Perugia gallery; Oct 20 Spello, Foligno, Trevi; Oct 21 Arezzo, then HOME (I Tatti)."
BB_1919_Jul-Dec,29,October 22 – October 25 1919,Settignano (Florence),Italy,medium,"Back at I Tatti; Paolini, de Nicola; Bonnard leaves, Bussys arrive."
BB_1919_Jul-Dec,30,October 26 – October 29 1919,Settignano (Florence),Italy,high,"At I Tatti; reading (Colette, Venturi's Storia dell'Arte); Miss Paterson."
BB_1919_Jul-Dec,31,October 30 – November 2 1919,Settignano (Florence),Italy,high,"At I Tatti; reading Bedier; Leoni, Cecil, Kelekian."
BB_1919_Jul-Dec,32,November 3 – November 6 1919,Settignano (Florence),Italy,medium,At I Tatti; Bussys back; Anrep; Adams (Mont St Michel & Chartres); tea with Loras.
BB_1919_Jul-Dec,33,November 7 – November 10 1919,Settignano (Florence),Italy,medium,At I Tatti; reading Adams; Daddi study; L. Venturi.
BB_1919_Jul-Dec,34,November 11 – November 14 1919,Settignano (Florence),Italy,medium,"At I Tatti; Fernande, Giglioli, Geoffrey, Gravina."
BB_1919_Jul-Dec,35,November 15 – November 18 1919,Settignano (Florence),Italy,medium,"At I Tatti; Lady Annabel O'Neil, Mlle Lavalle; reading on religious art."
BB_1919_Jul-Dec,36,November 19 – November 22 1919,Settignano (Florence),Italy,medium,"At I Tatti; study notes on Sienese painters (Barna, the Lorenzetti); Villa Medici; reading/connoisseurship at home, flanked by clearly at-home spreads (Lady Annabel O'Neil, de Nicola, Serristori)."
BB_1919_Jul-Dec,37,November 23 – November 26 1919,Settignano (Florence),Italy,medium,"At I Tatti; de Nicola, Serristori; Alys Cox arrives; Salvemini."
BB_1919_Jul-Dec,38,November 27 – November 30 1919,Settignano (Florence),Italy,high,"At I Tatti; Carlo Placci, Mrs Ross, Cecil; reading Male; Lady Annabel O'Neil."
BB_1919_Jul-Dec,39,December 1 – December 4 1919,Settignano (Florence),Italy,medium,At I Tatti; Cox leaves; walks; reading.
BB_1919_Jul-Dec,40,December 5 – December 8 1919,Settignano (Florence),Italy,medium,"At I Tatti; Mme Viegi, Sybil drive & tea; Lady Annabel O'Neil; reading; Hohenlohe."
BB_1919_Jul-Dec,41,December 9 – December 12 1919,Settignano (Florence),Italy,high,"At I Tatti; Brewster, tea with Strong; Loesers, Placci, Gravina, tea with Acton."
BB_1919_Jul-Dec,42,December 13 – December 16 1919,Settignano (Florence),Italy,medium,"At I Tatti; reading Bedier; Lady Annabel O'Neil; 'To London' (likely a book/note not a trip); Tosca; Santayana, Mrs Ross."
BB_1919_Jul-Dec,43,December 17 – December 20 1919,Settignano (Florence),Italy,medium,"At I Tatti; reading (Schlumberger, Tres Riches Heures, Reims); Cecil & Geoffrey; Thornley Gibson arrives."
BB_1919_Jul-Dec,44,December 21 – December 24 1919,Settignano (Florence),Italy,medium,"At I Tatti; Hohenlohe musical; reading on Crusades; Scotto, van Marle, Aunt Janet; Gibsons leave Dec 24."
BB_1919_Jul-Dec,45,December 25 – December 28 1919,Settignano (Florence),Italy,high,"At I Tatti, ill in bed with fever & cold over Christmas; Salvemini."
BB_1919_Jul-Dec,46,December 29 – January 1 1919,Settignano (Florence),Italy,high,"At I Tatti, recovering; Davidsohn, W. Ross, Baron Stiebel; year ends."
